summitCode,UserId,Callsign,ActivationDate
GM/ES-001,94131,GM5ALX/P,2024-11-06
GM/ES-001,46844,MM0EFI/P,2024-09-29
GM/ES-001,48083,2M0RVZ,2024-09-29
GM/ES-001,18213,MM0VPM,2023-08-10
GM/ES-001,6790,GM0GAV/P,2023-07-29
GM/ES-001,16826,MM0IVR/P,2023-06-10
GM/ES-001,46844,MM0EFI/P,2022-04-30
GM/ES-001,49271,GM4BML/P,2022-04-30
GM/ES-001,46844,MM0EFI/P,2021-06-30
GM/ES-001,10943,GM7WKX/P,2020-10-06
GM/ES-001,3853,MM/SQ9MDF/P,2019-08-06
GM/ES-001,805,MM/HB9IAB/P,2018-10-18
GM/ES-001,5632,GM0EVV/P,2018-09-11
GM/ES-001,2330,MM0TAI,2018-06-06
GM/ES-001,77,GM4YSS/P,2018-05-10
GM/ES-001,130,GM7PKT/P,2015-07-06
GM/ES-001,3400,MM0GYX/P,2012-03-23
GM/ES-001,3273,MM0YCJ/P,2012-03-17
GM/ES-001,1003,MM0ROV/P,2011-11-05
GM/ES-001,2843,MM0ECU/P,2010-07-31
GM/ES-001,2330,2M0ETR/P,2010-06-12
GM/ES-001,52,GM4TOE/P,2009-08-05
GM/ES-001,69,MM1EYP/P,2009-08-05
GM/ES-001,729,MM3EYP/P,2009-08-05
GM/ES-001,1234,GM6WRW/P,2009-06-19
GM/ES-001,1563,MM0YHB/P,2009-06-19
GM/ES-001,52,GM4TOE/P,2008-06-21
GM/ES-001,52,GM4TOE/P,2006-07-08
GM/ES-001,741,GM6DDQ,2006-05-02
GM/ES-001,52,GM4TOE/P,2005-07-02
GM/ES-001,887,GMOUDL/P,2005-03-19
GM/ES-001,773,MM0DHY/P,2004-08-08
GM/ES-001,52,GM4TOE/P,2004-05-15
GM/ES-001,52,GM4TOE,2003-05-24
GM/ES-002,18213,MM0VPM ,2024-08-31
GM/ES-002,46844,MM0EFI/P,2022-08-28
GM/ES-002,46844,MM0EFI/P,2021-09-20
GM/ES-002,6790,GM0GAV/P,2019-07-14
GM/ES-002,5632,GM0EVV/P,2018-09-12
GM/ES-002,3400,MM0GYX/P,2016-08-01
GM/ES-002,130,GM7PKT/P,2015-09-09
GM/ES-002,82,GM4COX,2013-09-27
GM/ES-002,1003,MM0ROV/P,2012-05-26
GM/ES-002,3273,MM0YCJ/P,2012-03-24
GM/ES-002,2823,MM0HAI/P,2010-09-12
GM/ES-002,52,GM4TOE/P,2008-07-26
GM/ES-002,1414,MM3WJZ/P,2008-06-24
GM/ES-002,741,GM6DDQ,2006-05-01
GM/ES-002,887,GM0UDL/P,2004-10-16
GM/ES-002,773,MM0DHY/P,2004-08-07
GM/ES-002,52,GM4TOE/P,2004-07-25
GM/ES-003,18213,MM0VPM ,2024-08-31
GM/ES-003,46844,MM0EFI/P,2022-07-09
GM/ES-003,46844,MM0EFI/P,2021-09-20
GM/ES-003,6790,GM0GAV/P,2019-07-14
GM/ES-003,3400,MM0GYX/P,2016-08-01
GM/ES-003,130,GM7PKT/P,2015-09-09
GM/ES-003,82,GM4COX,2013-09-27
GM/ES-003,3273,MM0YCJ/P,2012-03-24
GM/ES-003,1003,MM0ROV/P,2011-07-30
GM/ES-003,773,MM0DHY/P,2004-08-07
GM/ES-003,52,GM4TOE/P,2004-07-25
GM/ES-004,94131,GM5ALX/P,2024-10-15
GM/ES-004,18213,MM0VPM/P,2024-09-25
GM/ES-004,46844,MM0EFI/P,2024-07-12
GM/ES-004,46844,MM0EFI/P,2023-11-26
GM/ES-004,46844,MM0EFI/P,2022-08-26
GM/ES-004,46844,MM0EFI/P,2021-05-15
GM/ES-004,6790,GM0GAV/P,2017-09-02
GM/ES-004,3273,MM0YCJ/P,2012-03-31
GM/ES-004,1003,MM0ROV/P,2011-09-04
GM/ES-004,52,GM4TOE/P,2009-05-30
GM/ES-004,452,GM0FIM/P,2005-05-06
GM/ES-004,52,GM4TOE,2003-08-16
GM/ES-005,94131,GM5ALX/P,2024-11-13
GM/ES-005,46844,MM0EFI/P,2022-04-30
GM/ES-005,49271,GM4BML/P,2022-04-30
GM/ES-005,46844,MM0EFI/P,2021-06-11
GM/ES-005,6790,GM0GAV/P,2019-09-19
GM/ES-005,3853,MM/SQ9MDF/P,2019-08-06
GM/ES-005,3273,MM0YCJ/P,2018-02-04
GM/ES-005,1003,MM0ROV/P,2012-10-04
GM/ES-005,773,MM0DHY/P,2009-08-08
GM/ES-005,729,MM3EYP/P,2009-08-05
GM/ES-005,69,MM1EYP/P,2009-08-05
GM/ES-005,52,GM4TOE/P,2009-08-05
GM/ES-005,52,GM4TOE/P,2006-07-08
GM/ES-005,452,GM0FIM/P,2006-05-09
GM/ES-005,741,GM6DDQ,2006-04-30
GM/ES-005,452,GM0FIM/P,2005-04-30
GM/ES-005,887,GMOUDL/P,2004-06-29
GM/ES-005,52,GM4TOE,2003-07-26
GM/ES-006,94131,GM5ALX/P,2024-10-15
GM/ES-006,18213,MM0VPM/P,2024-09-25
GM/ES-006,46844,MM0EFI/P,2024-07-12
GM/ES-006,46844,MM0EFI/P,2023-05-31
GM/ES-006,46844,MM0EFI/P,2022-08-26
GM/ES-006,46844,MM0EFI/P,2021-05-15
GM/ES-006,6790,GM0GAV/P,2017-09-02
GM/ES-006,3273,MM0YCJ/P,2012-03-31
GM/ES-006,1003,MM0ROV/P,2011-09-04
GM/ES-006,52,GM4TOE/P,2007-09-08
GM/ES-006,452,GM0FIM/P,2005-05-06
GM/ES-006,52,GM4TOE/P,2005-04-30
GM/ES-007,94131,GM5ALX/P,2024-09-01
GM/ES-007,46844,MM0EFI/P,2024-09-01
GM/ES-007,18213,MM0VPM/P,2024-08-30
GM/ES-007,46844,MM0EFI/P,2022-06-10
GM/ES-007,46844,MM0EFI/P,2021-05-11
GM/ES-007,3273,MM0YCJ/P,2018-07-15
GM/ES-007,6790,GM0GAV/P,2017-05-25
GM/ES-007,1003,MM0ROV/P,2010-08-14
GM/ES-007,52,GM4TOE/P,2006-06-03
GM/ES-007,130,GM7PKT,2004-10-23
GM/ES-007,52,GM4TOE/P,2004-08-21
GM/ES-007,773,MM0DHY/P,2004-08-07
GM/ES-008,94131,GM5ALX/P,2024-10-03
GM/ES-008,49550,MM/KI6SYD/P,2022-07-13
GM/ES-008,46844,MM0EFI/P,2022-06-01
GM/ES-008,14516,2M0KZN/P,2021-12-20
GM/ES-008,46844,MM0EFI/P,2021-07-02
GM/ES-008,14516,2M0KZN/P,2020-11-07
GM/ES-008,16826,MM0IVR,2020-08-30
GM/ES-008,6790,GM0GAV/P,2019-08-25
GM/ES-008,3400,MM0GYX/P,2014-08-24
GM/ES-008,1003,MM0ROV/P,2013-08-29
GM/ES-008,1058,MM0FMF/P,2013-06-02
GM/ES-008,4081,MM/OK2PDT/P,2012-08-10
GM/ES-008,3273,MM0YCJ/P,2012-03-13
GM/ES-008,773,MM0DHY/P,2011-02-06
GM/ES-008,1435,2M0IMP/P,2010-08-28
GM/ES-008,82,GM4COX,2009-06-12
GM/ES-008,1003,MM0ROV/P,2008-11-12
GM/ES-008,52,GM4TOE/P,2007-10-06
GM/ES-008,741,GM6DDQ,2007-05-04
GM/ES-008,456,GM0PKX/P,2006-10-08
GM/ES-008,712,GM7NQP/P,2006-10-08
GM/ES-008,52,GM4TOE/P,2006-07-22
GM/ES-008,456,GM0PKX/P,2005-09-10
GM/ES-008,62,MM1EYO/P,2005-08-03
GM/ES-008,606,GM7VJR,2005-06-05
GM/ES-008,52,GM4TOE/P,2005-05-21
GM/ES-008,52,GM4TOE/P,2004-09-25
GM/ES-008,130,GM7PKT,2003-11-22
GM/ES-008,52,GM4TOE,2003-06-14
GM/ES-009,466,MM0CBC/P,2024-11-11
GM/ES-009,18213,MM0VPM,2024-09-13
GM/ES-009,16722,MM1HAX/P,2023-02-18
GM/ES-009,16826,MM0IVR/P,2022-09-24
GM/ES-009,46844,MM0EFI/P,2022-08-28
GM/ES-009,46844,MM0EFI/P,2021-09-20
GM/ES-009,6790,GM0GAV/P,2019-10-12
GM/ES-009,4675,MM0SNA/P,2019-09-24
GM/ES-009,2330,MM0TAI,2019-05-29
GM/ES-009,2330,MM0TAI,2018-05-21
GM/ES-009,116,MM1MAJ/P,2017-09-12
GM/ES-009,892,MM3ZCB/P,2017-09-12
GM/ES-009,82,GM4COX,2013-09-26
GM/ES-009,130,GM7PKT/P,2013-07-03
GM/ES-009,1058,MM0FMF/P,2012-08-30
GM/ES-009,130,GM7PKT/P,2012-06-26
GM/ES-009,3273,MM0YCJ/P,2012-03-24
GM/ES-009,130,GM7PKT/P,2011-07-18
GM/ES-009,130,GM7PKT/P,2010-06-28
GM/ES-009,1003,MM0ROV/P,2009-09-10
GM/ES-009,52,GM4TOE/P,2008-08-23
GM/ES-009,130,GM7PKT/P,2007-09-30
GM/ES-009,741,GM6DDQ,2006-04-29
GM/ES-009,52,GM4TOE/P,2005-09-24
GM/ES-009,130,GM7PKT,2005-06-27
GM/ES-009,773,MM0DHY/P,2004-08-07
GM/ES-009,887,GMOUDL/P,2004-08-07
GM/ES-009,52,GM4TOE/P,2004-05-01
GM/ES-009,130,GM7PKT,2004-04-10
GM/ES-009,52,GM4TOE,2003-06-28
GM/ES-010,46844,MM0EFI/P,2022-08-27
GM/ES-010,9756,MM6GYU/P,2021-08-20
GM/ES-010,46844,MM0EFI/P,2021-06-11
GM/ES-010,9756,MM6GYU/P,2020-03-08
GM/ES-010,6790,GM0GAV/P,2019-08-18
GM/ES-010,2330,MM0TAI,2018-05-28
GM/ES-010,1003,MM0ROV/P,2013-06-11
GM/ES-010,3273,MM6YCJ/P,2011-08-27
GM/ES-010,1414,MM3WJZ/P,2011-06-04
GM/ES-010,729,MM3EYP/P,2010-08-26
GM/ES-010,69,MM1EYP/P,2010-08-26
GM/ES-010,52,GM4TOE/P,2010-08-26
GM/ES-010,773,MM0DHY/P,2007-08-26
GM/ES-010,52,GM4TOE/P,2006-07-28
GM/ES-010,52,GM4TOE/P,2005-06-26
GM/ES-010,130,GM7PKT,2005-06-26
GM/ES-010,887,GMOUDL/P,2004-08-09
GM/ES-010,52,GM4TOE/P,2004-05-22
GM/ES-010,130,GM7PKT,2003-06-29
GM/ES-010,52,GM4TOE,2003-04-20
GM/ES-011,94131,GM5ALX/P,2024-11-13
GM/ES-011,6790,GM0GAV/P,2023-05-07
GM/ES-011,46844,MM0EFI/P,2022-08-27
GM/ES-011,46844,MM0EFI/P,2021-07-19
GM/ES-011,773,MM0DHY/P,2013-08-10
GM/ES-011,3273,MM0YCJ/P,2013-04-20
GM/ES-011,1003,MM0ROV/P,2012-09-08
GM/ES-011,52,GM4TOE/P,2005-06-04
GM/ES-012,97906,MM7LEF,2024-11-30
GM/ES-012,45762,MM0RFN/P,2024-09-29
GM/ES-012,44920,GM4JXP/P,2024-09-25
GM/ES-012,47582,2M0WNA,2024-09-06
GM/ES-012,94131,GM5ALX/P,2024-08-08
GM/ES-012,45762,MM0RFN/P,2023-07-08
GM/ES-012,18213,GM5LOW,2023-06-22
GM/ES-012,2771,MM0JLA/P,2022-06-22
GM/ES-012,3192,MM6BWA/P,2022-06-22
GM/ES-012,46844,MM0EFI/P,2022-01-21
GM/ES-012,9756,MM6GYU/P,2021-08-19
GM/ES-012,46844,MM0EFI/P,2021-06-01
GM/ES-012,773,MM0DHY/P,2020-09-20
GM/ES-012,854,GM4OIG/P,2020-09-17
GM/ES-012,1058,MS0TA/P,2020-08-09
GM/ES-012,1435,2M0IMP/P,2020-07-18
GM/ES-012,8299,GM8OEG/P,2019-05-29
GM/ES-012,1389,GM3YTS/P,2019-04-19
GM/ES-012,6790,GM0GAV/P,2018-08-11
GM/ES-012,1389,GM3YTS/P,2018-08-11
GM/ES-012,6790,GM0GAV/P,2017-11-05
GM/ES-012,6790,GM0GAV/P,2016-10-02
GM/ES-012,8299,GM8OEG/P,2016-09-03
GM/ES-012,147,GM1INK/P,2016-08-15
GM/ES-012,8299,GM8OEG/P,2015-09-19
GM/ES-012,1003,MM0ROV/P,2014-06-20
GM/ES-012,5617,GM0BKC/P,2013-08-25
GM/ES-012,1414,MM3WJZ/P,2012-12-02
GM/ES-012,116,MO1MAJ/P,2012-09-09
GM/ES-012,892,MO3ZCB/P,2012-09-09
GM/ES-012,130,GM7PKT/P,2012-08-22
GM/ES-012,1058,MM0FMF/P,2012-01-15
GM/ES-012,3273,MM6YCJ/P,2011-08-30
GM/ES-012,1003,MM0ROV/P,2011-06-03
GM/ES-012,1435,2R0IMP/P,2011-04-29
GM/ES-012,1363,GM1JTD/P,2010-09-22
GM/ES-012,1363,GM1JTD/P,2009-09-11
GM/ES-012,1435,2M0IMP/P,2009-07-10
GM/ES-012,1058,MM0FMF/P,2007-08-14
GM/ES-012,52,GM4TOE/P,2006-05-20
GM/ES-012,456,GM0PKX/P,2006-02-19
GM/ES-012,452,GM0FIM/P,2005-04-29
GM/ES-012,52,GM4TOE/P,2004-10-23
GM/ES-012,130,GM7PKT,2003-11-23
GM/ES-012,52,GM4TOE,2003-09-20
GM/ES-012,82,GM4COX,2003-07-09
GM/ES-012,83,GM4UXX,2003-07-09
GM/ES-013,94131,GM5ALX/P,2024-11-06
GM/ES-013,46844,MM0EFI/P,2024-09-29
GM/ES-013,48083,2M0RVZ,2024-09-29
GM/ES-013,1058,MM0FMF/P,2024-08-11
GM/ES-013,18213,MM0VPM,2023-08-09
GM/ES-013,46844,MM0EFI/P,2022-04-30
GM/ES-013,49271,GM4BML/P,2022-04-30
GM/ES-013,46844,MM0EFI/P,2021-06-29
GM/ES-013,6790,GM0GAV/P,2019-01-06
GM/ES-013,3273,MM0YCJ/P,2018-06-09
GM/ES-013,130,GM7PKT/P,2015-09-29
GM/ES-013,1003,MM0ROV/P,2012-08-11
GM/ES-013,887,GM0UDL/P,2011-09-29
GM/ES-013,52,GM4TOE/P,2006-06-10
GM/ES-013,773,MM0DHY/P,2004-08-08
GM/ES-014,94131,GM5ALX/P,2024-09-13
GM/ES-014,46844,MM0EFI/P,2024-04-05
GM/ES-014,45762,MM0RFN/P,2023-04-15
GM/ES-014,46844,MM0EFI/P,2023-02-14
GM/ES-014,46844,MM0EFI/P,2022-03-23
GM/ES-014,46844,MM0EFI/P,2021-04-14
GM/ES-014,6790,GM0GAV/P,2018-10-04
GM/ES-014,116,MM1MAJ/P,2018-09-11
GM/ES-014,892,MM3ZCB/P,2018-09-11
GM/ES-014,6790,GM0GAV/P,2017-05-21
GM/ES-014,5219,anon54803907,2016-09-25
GM/ES-014,5178,2M0KAU/P,2016-09-25
GM/ES-014,130,GM7PKT/P,2014-12-28
GM/ES-014,5617,GM0BKC/P,2013-09-01
GM/ES-014,3273,MM6YCJ/P,2011-10-30
GM/ES-014,1058,MM0FMF/P,2011-04-17
GM/ES-014,1003,MM0ROV/P,2009-10-16
GM/ES-014,82,GM4COX,2009-10-04
GM/ES-014,1363,GM1JTD/P,2009-09-09
GM/ES-014,456,GM0PKX/P,2008-01-19
GM/ES-014,712,GM7NQP/P,2008-01-19
GM/ES-014,52,GM4TOE/P,2006-11-04
GM/ES-014,456,GM0PKX/P,2005-11-06
GM/ES-014,712,GM7NQP/P,2005-11-06
GM/ES-015,34846,GM5AIB/P,2024-05-15
GM/ES-015,46844,MM0EFI/P,2022-08-26
GM/ES-015,6790,GM0GAV/P,2021-12-21
GM/ES-015,46844,MM0EFI/P,2021-07-15
GM/ES-015,773,MM0DHY/P,2021-07-13
GM/ES-015,1058,MM0FMF/P,2012-09-23
GM/ES-015,3273,MM0YCJ/P,2012-04-01
GM/ES-015,1003,MM0ROV/P,2011-04-16
GM/ES-015,52,GM4TOE/P,2005-09-17
GM/ES-015,52,GM4TOE,2003-10-11
GM/ES-017,46844,MM0EFI/P,2022-08-27
GM/ES-017,6790,GM0GAV/P,2019-08-18
GM/ES-017,2330,MM0TAI,2018-05-28
GM/ES-017,130,GM7PKT/P,2017-06-17
GM/ES-017,1003,MM0ROV/P,2013-06-11
GM/ES-017,3273,MM6YCJ/P,2011-08-27
GM/ES-017,729,MM3EYP/P,2010-08-26
GM/ES-017,69,MM1EYP/P,2010-08-26
GM/ES-017,52,GM4TOE/P,2010-08-26
GM/ES-017,773,MM0DHY/P,2009-09-26
GM/ES-017,52,GM4TOE/P,2006-07-28
GM/ES-017,52,GM4TOE/P,2004-05-22
GM/ES-018,94617,GM5OLD/P,2024-10-25
GM/ES-018,45505,GM1AUZ,2024-09-29
GM/ES-018,6790,GM0GAV/P,2024-09-08
GM/ES-018,34846,GM5AIB/P,2024-05-18
GM/ES-018,94131,GM5ALX/P,2024-05-17
GM/ES-018,48083,MM7RVC,2024-05-12
GM/ES-018,46844,MM0EFI/P,2024-03-27
GM/ES-018,46844,MM0EFI/P,2023-07-08
GM/ES-018,46844,MM0EFI/P,2022-11-25
GM/ES-018,44920,GM4JXP/P,2022-03-25
GM/ES-018,46844,MM0EFI/P,2022-01-19
GM/ES-018,14516,2M0KZN/P,2021-12-09
GM/ES-018,46844,MM0EFI,2021-01-23
GM/ES-018,44920,GM4JXP/P,2020-11-07
GM/ES-018,45762,2M0HIB/P,2020-08-30
GM/ES-018,147,GM1INK/P,2016-08-17
GM/ES-018,3273,MM0YCJ/P,2016-07-02
GM/ES-018,773,MM0DHY/P,2015-03-07
GM/ES-018,1003,MM0ROV/P,2010-07-11
GM/ES-018,52,GM4TOE/P,2009-01-24
GM/ES-018,52,GM4TOE/P,2006-04-15
GM/ES-018,456,GM0PKX/P,2006-01-29
GM/ES-018,130,GM7PKT,2003-12-26
GM/ES-018,52,GM4TOE,2003-05-10
GM/ES-019,94131,GM5ALX/P,2024-10-03
GM/ES-019,46844,MM0EFI/P,2022-03-30
GM/ES-019,46844,MM0EFI/P,2021-04-21
GM/ES-019,1058,MS0TA/P,2019-07-14
GM/ES-019,3400,MM0GYX/P,2014-08-24
GM/ES-019,1003,MM0ROV/P,2013-08-20
GM/ES-019,3273,MM0YCJ/P,2012-03-13
GM/ES-019,773,MM0DHY/P,2011-02-06
GM/ES-019,52,GM4TOE/P,2010-04-17
GM/ES-019,82,GM4COX,2009-09-28
GM/ES-019,1003,MM0ROV/P,2009-09-18
GM/ES-019,456,GM0PKX/P,2006-10-08
GM/ES-019,712,GM7NQP/P,2006-10-08
GM/ES-019,52,GM4TOE/P,2006-07-22
GM/ES-019,456,GM0PKX/P,2006-03-19
GM/ES-019,52,GM4TOE/P,2005-05-21
GM/ES-019,130,GM7PKT,2003-11-22
GM/ES-022,18213,MM0VPM,2024-08-11
GM/ES-022,46844,MM0EFI/P,2022-03-22
GM/ES-022,46844,MM0EFI/P,2021-09-15
GM/ES-022,34683,MM0RPK/P,2021-05-13
GM/ES-022,6790,GM0GAV/P,2018-11-04
GM/ES-022,130,GM7PKT/P,2017-09-23
GM/ES-022,147,GM1INK/P,2016-08-16
GM/ES-022,82,GM4COX,2014-03-13
GM/ES-022,3273,MM0YCJ/P,2012-11-11
GM/ES-022,1003,MM0ROV/P,2011-06-10
GM/ES-022,773,MM0DHY/P,2011-04-09
GM/ES-022,1058,MM0FMF/P,2011-01-23
GM/ES-022,52,GM4TOE/P,2006-05-20
GM/ES-022,52,GM4TOE/P,2004-12-04
GM/ES-023,94131,GM5ALX/P,2024-10-25
GM/ES-023,34846,GM5AIB/P,2024-07-09
GM/ES-023,46844,MM0EFI/P,2022-08-26
GM/ES-023,46844,MM0EFI/P,2021-10-02
GM/ES-023,3273,MM0YCJ/P,2018-07-14
GM/ES-023,130,GM7PKT/P,2017-03-25
GM/ES-023,1003,MM0ROV/P,2011-02-26
GM/ES-023,52,GM4TOE/P,2006-08-19
GM/ES-023,52,GM4TOE,2003-05-17
GM/ES-024,46844,MM0EFI/P,2022-08-11
GM/ES-024,3273,MM0YCJ/P,2018-01-13
GM/ES-024,130,GM7PKT/P,2016-06-26
GM/ES-024,1003,MM0ROV/P,2012-05-20
GM/ES-024,52,GM4TOE/P,2011-03-27
GM/ES-024,773,MM0DHY/P,2009-11-28
GM/ES-024,52,GM4TOE/P,2005-10-15
GM/ES-025,34846,GM5AIB/P,2021-10-16
GM/ES-025,46844,MM0EFI/P,2021-08-12
GM/ES-025,773,MM0DHY/P,2021-07-14
GM/ES-025,6790,GM0GAV/P,2021-05-31
GM/ES-025,1058,MM0FMF/P,2014-11-09
GM/ES-025,3273,MM0YCJ/P,2012-04-01
GM/ES-025,1003,MM0ROV/P,2011-04-23
GM/ES-025,52,GM4TOE/P,2006-05-03
GM/ES-025,52,GM4TOE/P,2004-03-27
GM/ES-026,46844,MM0EFI/P,2021-08-02
GM/ES-026,1058,MS0TA/P,2020-08-19
GM/ES-026,3273,MM0YCJ/P,2017-10-15
GM/ES-026,1003,MM0ROV/P,2011-07-29
GM/ES-026,52,GM4TOE/P,2011-06-12
GM/ES-026,52,GM4TOE/P,2009-04-04
GM/ES-026,52,GM4TOE/P,2005-03-26
GM/ES-027,466,MM0CBC/P,2024-11-08
GM/ES-027,6896,MM0PDV/P,2024-06-12
GM/ES-027,12673,MM0NJH/P,2024-04-16
GM/ES-027,92826,GM4YMI/P,2023-07-08
GM/ES-027,34683,MM0RPK/P,2022-12-28
GM/ES-027,46291,MM7SRA/P,2022-08-30
GM/ES-027,46844,MM0EFI/P,2022-05-22
GM/ES-027,16826,MM0IVR,2022-01-15
GM/ES-027,2330,MM0TAI,2018-12-04
GM/ES-027,116,MM1MAJ/P,2017-09-14
GM/ES-027,892,MM3ZCB/P,2017-09-14
GM/ES-027,3272,MM/SQ9OZM/P,2014-05-16
GM/ES-027,82,GM4COX,2014-01-01
GM/ES-027,3400,MM0GYX/P,2013-09-26
GM/ES-027,1003,MM0ROV/P,2013-04-01
GM/ES-027,3273,MM6YCJ/P,2012-01-15
GM/ES-027,2330,MM0TAI/P,2011-02-19
GM/ES-027,52,GM4TOE/P,2011-01-01
GM/ES-027,887,GM0UDL/P,2010-10-17
GM/ES-027,1234,GM6WRW/P,2009-06-17
GM/ES-027,1563,MM0YHB/P,2009-06-17
GM/ES-027,1414,MM3WJZ/P,2009-04-15
GM/ES-027,1435,MM3ZYS/P,2008-07-16
GM/ES-027,773,MM0DHY/P,2007-12-16
GM/ES-027,52,GM4TOE/P,2005-12-28
GM/ES-027,70,GM0AXY/P,2005-08-19
GM/ES-027,71,GM4YMM/P,2005-08-19
GM/ES-027,130,GM7PKT,2005-06-26
GM/ES-027,52,GM4TOE,2003-12-30
GM/ES-027,62,M1EYO,2003-07-30
GM/ES-028,94131,GM5ALX/P,2024-12-02
GM/ES-028,34846,GR5AIB/P,2023-06-29
GM/ES-028,854,GM4OIG/P,2023-04-14
GM/ES-028,34846,GM5AIB/P,2022-09-28
GM/ES-028,44920,GM4JXP/P,2022-08-21
GM/ES-028,2771,MM0JLA/P,2022-06-19
GM/ES-028,3192,MM6BWA/P,2022-06-19
GM/ES-028,46844,MM0EFI/P,2021-10-24
GM/ES-028,1389,GM3YTS/P,2019-03-14
GM/ES-028,6790,GM0GAV/P,2019-03-03
GM/ES-028,6790,GM0GAV/P,2018-01-07
GM/ES-028,892,MM3ZCB/P,2015-09-15
GM/ES-028,116,MM1MAJ/P,2015-09-15
GM/ES-028,130,GM7PKT/P,2015-03-08
GM/ES-028,8299,GM8OEG/P,2015-02-21
GM/ES-028,5617,GM0BKC/P,2013-09-29
GM/ES-028,82,GM4COX,2013-07-27
GM/ES-028,1058,MM0FMF/P,2011-06-12
GM/ES-028,1003,MM0ROV/P,2011-04-29
GM/ES-028,3273,MM6YCJ/P,2011-04-10
GM/ES-028,52,GM4TOE/P,2006-12-23
GM/ES-028,52,GM4TOE/P,2005-10-29
GM/ES-029,46844,MM0EFI/P,2022-06-16
GM/ES-029,46844,MM0EFI/P,2021-09-28
GM/ES-029,3273,MM0YCJ/P,2018-06-08
GM/ES-029,130,GM7PKT/P,2016-09-25
GM/ES-029,147,GM1INK/P,2016-08-18
GM/ES-029,3400,MM0GYX/P,2014-06-07
GM/ES-029,1003,MM0ROV/P,2012-03-17
GM/ES-029,773,MM0DHY/P,2008-08-31
GM/ES-029,52,GM4TOE/P,2008-08-16
GM/ES-029,52,GM4TOE/P,2005-04-16
GM/ES-029,52,GM4TOE/P,2004-08-14
GM/ES-029,52,GM4TOE,2003-05-05
GM/ES-030,94131,GM5ALX/P,2024-09-08
GM/ES-030,47582,2M0WNA/P,2024-07-24
GM/ES-030,34846,GM5AIB/P,2024-07-12
GM/ES-030,46844,MM0EFI/P,2024-05-01
GM/ES-030,46844,MM0EFI/P,2023-11-05
GM/ES-030,46844,MM0EFI/P,2022-04-24
GM/ES-030,46844,MM0EFI/P,2021-09-07
GM/ES-030,44920,GM4JXP/P,2020-10-02
GM/ES-030,3273,MM0YCJ/P,2012-08-19
GM/ES-030,1003,MM0ROV/P,2010-10-02
GM/ES-030,52,GM4TOE/P,2009-07-25
GM/ES-030,130,GM7PKT/P,2008-12-24
GM/ES-030,773,MM0DHY/P,2008-03-12
GM/ES-030,52,GM4TOE/P,2004-06-13
GM/ES-030,52,GM4TOE,2003-03-08
GM/ES-034,94131,GM5ALX/P,2024-11-29
GM/ES-034,94617,GM5OLD/P,2024-10-25
GM/ES-034,44920,GM4JXP,2024-07-21
GM/ES-034,34846,GM5AIB/P,2024-07-14
GM/ES-034,48083,MM7RVC,2024-05-31
GM/ES-034,2771,MM0JLA/P,2024-05-09
GM/ES-034,3192,MM6BWA/P,2024-05-09
GM/ES-034,46844,MM0EFI/P,2024-01-18
GM/ES-034,46844,MM0EFI/P,2023-11-02
GM/ES-034,44920,GM4JXP/P,2022-05-24
GM/ES-034,47582,MM7MWL/P,2022-04-23
GM/ES-034,46844,MM0EFI/P,2022-01-19
GM/ES-034,46844,MM0EFI/P,2021-04-07
GM/ES-034,45762,2M0HIB/P,2020-08-30
GM/ES-034,3273,MM0YCJ/P,2015-06-27
GM/ES-034,773,MM0DHY/P,2015-03-07
GM/ES-034,1003,MM0ROV/P,2010-06-28
GM/ES-034,52,GM4TOE/P,2009-08-01
GM/ES-034,130,GM7PKT/P,2008-12-28
GM/ES-034,52,GM4TOE/P,2006-02-11
GM/ES-034,456,GM0PKX/P,2005-10-09
GM/ES-034,52,GM4TOE/P,2004-03-06
GM/ES-036,94131,GM5ALX/P,2024-11-01
GM/ES-036,34846,GM5AIB/P,2024-05-21
GM/ES-036,3192,MM6BWA/P,2024-05-07
GM/ES-036,2771,MM0JLA/P,2024-05-07
GM/ES-036,48083,MM7RVC,2024-02-23
GM/ES-036,46844,MM0EFI/P,2024-01-07
GM/ES-036,47582,MM7MWL/P,2023-12-14
GM/ES-036,44920,GM4JXP/P,2023-11-26
GM/ES-036,46844,MM0EFI/P,2023-02-24
GM/ES-036,46844,MM0EFI/P,2022-01-05
GM/ES-036,14516,2M0KZN/P,2021-12-22
GM/ES-036,34683,MM0RPK/P,2021-05-12
GM/ES-036,773,MM0DHY/P,2021-04-21
GM/ES-036,46844,MM0EFI/P,2021-04-11
GM/ES-036,44920,GM4JXP/P,2020-09-27
GM/ES-036,9756,MM6GYU/P,2020-03-09
GM/ES-036,6790,GM0GAV/P,2019-03-17
GM/ES-036,147,GM1INK/P,2016-08-17
GM/ES-036,8296,GM0AZB/P,2016-08-16
GM/ES-036,9932,GM0AZA/P,2016-08-16
GM/ES-036,1058,MM0FMF/P,2013-09-17
GM/ES-036,3273,MM0YCJ/P,2012-08-19
GM/ES-036,1003,MM0ROV/P,2011-02-06
GM/ES-036,82,GM4COX,2009-09-27
GM/ES-036,52,GM4TOE/P,2008-02-09
GM/ES-036,52,GM4TOE/P,2006-02-11
GM/ES-036,130,GM7PKT/P,2005-12-26
GM/ES-036,52,GM4TOE/P,2004-03-06
GM/ES-038,12673,MM0NJH/P,2024-04-19
GM/ES-038,466,MM0CBC/P,2024-03-14
GM/ES-038,44920,GM4JXP/P,2023-08-17
GM/ES-038,46844,MM0EFI/P,2022-08-21
GM/ES-038,130,GM7PKT/P,2015-05-17
GM/ES-038,3273,MM0YCJ/P,2014-10-18
GM/ES-038,3400,MM0GYX/P,2013-02-27
GM/ES-038,1003,MM0ROV/P,2011-06-17
GM/ES-038,2330,MM0TAI/P,2011-02-26
GM/ES-038,773,MM0DHY/P,2008-03-07
GM/ES-038,52,GM4TOE/P,2006-11-18
GM/ES-038,52,GM4TOE/P,2005-03-06
GM/ES-038,52,GM4TOE/P,2004-05-30
GM/ES-038,52,GM4TOE,2003-03-01
GM/ES-040,94131,GM5ALX/P,2024-12-04
GM/ES-040,46844,MM0EFI/P,2022-05-04
GM/ES-040,3273,MM0YCJ/P,2018-07-13
GM/ES-040,130,GM7PKT/P,2017-05-27
GM/ES-040,1003,MM0ROV/P,2011-07-02
GM/ES-040,52,GM4TOE/P,2005-02-05
GM/ES-040,52,GM4TOE,2003-03-15
GM/ES-042,94131,GM5ALX/P,2024-12-12
GM/ES-042,46844,MM0EFI/P,2022-12-02
GM/ES-042,116,MM1MAJ/P,2018-09-12
GM/ES-042,892,MM3ZCB/P,2018-09-12
GM/ES-042,3273,MM0YCJ/P,2017-10-08
GM/ES-042,6790,GM0GAV/P,2017-04-09
GM/ES-042,1003,MM0ROV/P,2011-01-29
GM/ES-042,52,GM4TOE/P,2007-04-14
GM/ES-042,456,GM0PKX/P,2006-04-23
GM/ES-042,712,GM7NQP/P,2006-04-02
GM/ES-043,94131,GM5ALX/P,2024-12-02
GM/ES-043,34846,GR5AIB/P,2023-06-22
GM/ES-043,3993,MM0GLM/P,2023-05-02
GM/ES-043,34846,GM5AIB/P,2022-05-22
GM/ES-043,44920,GM4JXP/P,2022-01-23
GM/ES-043,854,GM4OIG/P,2021-12-17
GM/ES-043,46844,MM0EFI/P,2021-10-24
GM/ES-043,3993,MM0GLM/P,2020-10-02
GM/ES-043,6790,GM0GAV/P,2019-04-14
GM/ES-043,3993,MM0GLM/P,2018-08-10
GM/ES-043,6790,GM0GAV/P,2016-10-08
GM/ES-043,892,MM3ZCB/P,2015-09-15
GM/ES-043,116,MM1MAJ/P,2015-09-15
GM/ES-043,130,GM7PKT/P,2015-03-08
GM/ES-043,3273,MM0YCJ/P,2015-03-03
GM/ES-043,8299,GM8OEG/P,2015-02-21
GM/ES-043,82,GM4COX,2013-07-27
GM/ES-043,1003,MM0ROV/P,2011-06-14
GM/ES-043,1058,MM0FMF/P,2011-06-12
GM/ES-043,52,GM4TOE/P,2011-04-03
GM/ES-043,52,GM4TOE/P,2006-02-25
GM/ES-046,47582,MM7MWL/P,2024-02-23
GM/ES-046,46844,GM5WS,2022-12-08
GM/ES-046,773,MM0DHY/P,2021-07-14
GM/ES-046,44920,GM4JXP/P,2021-04-11
GM/ES-046,8296,GM0AZB/P,2016-08-17
GM/ES-046,9932,GM0AZA/P,2016-08-17
GM/ES-046,3273,MM0YCJ/P,2014-05-01
GM/ES-046,1058,MM0FMF/P,2013-09-18
GM/ES-046,70,GM0AXY/P,2011-07-27
GM/ES-046,71,GM4YMM/P,2011-07-27
GM/ES-046,1003,MM0ROV/P,2011-03-05
GM/ES-046,52,GM4TOE/P,2007-03-31
GM/ES-049,34846,GM5AIB/P,2024-07-11
GM/ES-049,52252,MM7RTC/P,2024-07-11
GM/ES-049,48083,MM7RVC,2024-05-25
GM/ES-049,44920,GM4JXP/P,2024-05-03
GM/ES-049,46844,MM0EFI/P,2024-01-29
GM/ES-049,47582,MM7MWL/P,2023-11-17
GM/ES-049,2771,MM0JLA/P,2023-05-16
GM/ES-049,3192,MM6BWA/P,2023-05-16
GM/ES-049,46844,MM0EFI/P,2023-03-08
GM/ES-049,44920,GM4JXP/P,2022-05-22
GM/ES-049,46844,MM0EFI/P,2022-02-19
GM/ES-049,773,MM0DHY/P,2022-01-17
GM/ES-049,46844,MM0EFI/P,2021-12-09
GM/ES-049,44920,GM4JXP/P,2021-04-17
GM/ES-049,3273,MM0YCJ/P,2019-12-01
GM/ES-049,1003,MM0ROV/P,2009-08-07
GM/ES-049,130,GM7PKT/P,2006-12-27
GM/ES-049,52,GM4TOE/P,2006-12-16
GM/ES-049,456,GM0PKX/P,2005-12-06
GM/ES-049,712,GM7NQP/P,2005-12-06
GM/ES-050,46844,MM0EFI/P,2024-12-18
GM/ES-050,94131,GM5ALX/P,2024-12-18
GM/ES-050,44920,GM4JXP/P,2024-02-25
GM/ES-050,46844,MM0EFI/P,2023-02-18
GM/ES-050,46844,MM0EFI/P,2022-03-10
GM/ES-050,44920,GM4JXP/P,2022-03-06
GM/ES-050,773,MM0DHY/P,2022-01-24
GM/ES-050,44920,GM4JXP/P,2020-10-18
GM/ES-050,9756,MM6GYU/P,2020-03-10
GM/ES-050,3273,MM0YCJ/P,2017-06-18
GM/ES-050,1058,MM0FMF/P,2014-11-30
GM/ES-050,1003,MM0ROV/P,2013-10-12
GM/ES-050,1003,MM0ROV/P,2010-05-22
GM/ES-050,52,GM4TOE/P,2007-06-30
GM/ES-050,456,GM0PKX/P,2006-04-09
GM/ES-052,2771,MM0JLA/P,2024-05-13
GM/ES-052,3192,MM6BWA/P,2024-05-13
GM/ES-052,46844,MM0EFI/P,2024-05-09
GM/ES-052,44920,GM4JXP/P,2023-05-29
GM/ES-052,46844,MM0EFI/P,2022-12-20
GM/ES-052,3273,MM0YCJ/P,2017-03-04
GM/ES-052,130,GM7PKT/P,2016-12-04
GM/ES-052,52,GM4TOE/P,2013-10-12
GM/ES-052,3400,MM0GYX/P,2012-08-10
GM/ES-052,52,GM4TOE/P,2011-02-26
GM/ES-052,1003,MM0ROV/P,2010-09-18
GM/ES-052,52,GM4TOE/P,2010-03-13
GM/ES-052,773,MM0DHY/P,2008-04-01
GM/ES-052,52,GM4TOE/P,2006-01-21
GM/ES-052,52,GM4TOE,2003-01-18
GM/ES-053,48083,MM7RVC,2024-03-31
GM/ES-053,44920,GM4JXP/P,2024-02-18
GM/ES-053,46844,MM0EFI/P,2024-02-11
GM/ES-053,47582,MM7MWL/P,2024-01-06
GM/ES-053,2771,MM0JLA/P,2023-05-16
GM/ES-053,3192,MM6BWA/P,2023-05-16
GM/ES-053,46844,MM0EFI/P,2023-02-21
GM/ES-053,47582,MM7MWL/P,2022-11-13
GM/ES-053,44920,GM4JXP/P,2022-10-18
GM/ES-053,44920,GM4JXP/P,2022-10-09
GM/ES-053,46844,MM0EFI/P,2022-05-18
GM/ES-053,46844,MM0EFI/P,2022-04-05
GM/ES-053,773,MM0DHY/P,2022-01-17
GM/ES-053,46844,MM0EFI/P,2021-12-17
GM/ES-053,44920,GM4JXP/P,2020-09-19
GM/ES-053,3273,MM0YCJ/P,2018-03-11
GM/ES-053,1003,MM0ROV/P,2013-10-05
GM/ES-053,2870,MM/HB9BQU/P,2011-08-20
GM/ES-053,1003,MM0ROV/P,2010-05-01
GM/ES-053,624,GM7SRJ/P,2007-06-26
GM/ES-053,130,GM7PKT/P,2006-12-27
GM/ES-053,52,GM4TOE/P,2006-12-16
GM/ES-053,456,GM0PKX/P,2006-01-03
GM/ES-055,46844,MM0EFI/P,2024-02-23
GM/ES-055,44920,GM4JXP/P,2024-02-06
GM/ES-055,46844,MM0EFI/P,2022-03-08
GM/ES-055,44920,GM4JXP/P,2022-03-01
GM/ES-055,773,MM0DHY/P,2022-01-24
GM/ES-055,6790,GM0GAV/P,2019-02-14
GM/ES-055,3273,MM0YCJ/P,2018-01-14
GM/ES-055,5178,2M0KAU/P,2017-02-17
GM/ES-055,82,GM4COX,2014-03-14
GM/ES-055,1058,MM0FMF/P,2013-09-17
GM/ES-055,1003,MM0ROV/P,2010-04-24
GM/ES-055,52,GM4TOE/P,2007-03-31
GM/ES-066,46844,MM0EFI/P,2022-12-20
GM/ES-066,44920,GM4JXP/P,2021-06-19
GM/ES-066,130,GM7PKT/P,2017-05-21
GM/ES-066,1003,MM0ROV/P,2011-11-19
GM/ES-066,52,GM4TOE/P,2010-02-13
GM/ES-066,773,MM0DHY/P,2008-04-02
GM/ES-066,741,GM6DDQ,2006-05-03
GM/ES-067,46844,MM0EFI/P,2022-10-06
GM/ES-067,44920,GM4JXP/P,2021-04-03
GM/ES-067,5178,2M0KAU/P,2019-07-07
GM/ES-067,3273,MM0YCJ/P,2018-06-10
GM/ES-067,1058,MM0FMF/P,2014-11-30
GM/ES-067,1003,MM0ROV/P,2010-11-13
GM/ES-067,52,GM4TOE/P,2007-06-30
GM/ES-074,466,MM0CBC/P,2024-11-07
GM/ES-074,73456,MM7MOX/P ,2024-08-12
GM/ES-074,2771,MM0JLA/P,2024-05-18
GM/ES-074,3192,MM6BWA/P,2024-05-18
GM/ES-074,34683,MM0RPK/P,2022-12-30
GM/ES-074,46844,MM0EFI/P,2022-11-30
GM/ES-074,4675,MM0SNA/P,2019-09-23
GM/ES-074,3853,MM/SQ9MDF/P,2019-08-07
GM/ES-074,4497,MM/SQ9NOT/P,2019-08-07
GM/ES-074,2330,MM0TAI,2018-08-10
GM/ES-074,3273,MM0YCJ/P,2018-02-03
GM/ES-074,854,GM4OIG/P,2014-08-24
GM/ES-074,760,GM4MD/P,2014-08-24
GM/ES-074,1234,GM6WRW/P,2014-07-28
GM/ES-074,1563,MM0YHB/P,2014-07-28
GM/ES-074,892,MM3ZCB/P,2013-06-22
GM/ES-074,116,MM1MAJ/P,2013-06-22
GM/ES-074,1058,MM0FMF/P,2013-03-27
GM/ES-074,130,GM7PKT/P,2012-06-26
GM/ES-074,2330,MM0TAI/P,2011-12-04
GM/ES-074,82,GM4COX,2011-06-12
GM/ES-074,1003,MM0ROV/P,2011-03-17
GM/ES-074,52,GM4TOE/P,2010-09-04
GM/ES-074,773,MM0DHY/P,2010-06-12
GM/ES-074,624,GM7SRJ/P,2008-04-06
GM/ES-074,741,GM6DDQ,2007-05-03
GM/ES-078,3192,MM6BWA/P,2024-05-07
GM/ES-078,46844,MM0EFI/P,2024-03-28
GM/ES-078,44920,GM4JXP/P,2023-02-24
GM/ES-078,46844,MM0EFI/P,2023-02-12
GM/ES-078,773,MM0DHY/P,2022-09-10
GM/ES-078,46844,MM0EFI/P,2022-07-19
GM/ES-078,55099,MM7WDP/P,2022-03-03
GM/ES-078,1635,GM8MIA/P,2019-05-13
GM/ES-078,5219,anon54803907,2014-06-23
GM/ES-078,5178,2A0KAU/P,2014-06-23
GM/ES-078,1058,MM0FMF/P,2013-09-18
GM/ES-078,1003,MM0ROV/P,2010-11-06
GM/ES-078,52,GM4TOE/P,2008-02-09
GM/ES-078,624,GM7SRJ/P,2007-06-23
GM/ES-078,919,MM0BCR/P,2006-09-16
GM/ES-078,999,2M0AVL,2006-09-16
GM/ES-078,456,GM0PKX/P,2005-01-02
GM/ES-088,34846,GM5AIB/P,2024-05-15
GM/ES-088,46844,MM0EFI/P,2022-01-20
GM/ES-088,3273,MM0YCJ/P,2021-12-21
GM/ES-088,6790,GM0GAV/P,2021-12-21
GM/CS-003,18213,MM0VPM/P,2023-04-26
GM/CS-003,46844,MM0EFI/P,2021-11-04
GM/CS-003,6790,GM0GAV/P,2018-06-10
GM/CS-003,3273,MM0YCJ/P,2017-09-30
GM/CS-003,1414,MM3WJZ/P,2016-06-18
GM/CS-003,130,GM7PKT/P,2013-09-14
GM/CS-003,130,GM7PKT/P,2011-04-24
GM/CS-003,130,GM7PKT/P,2010-08-21
GM/CS-003,1414,MM3WJZ/P,2010-05-02
GM/CS-003,130,GM7PKT/P,2007-08-26
GM/CS-003,130,GM7PKT/P,2005-07-16
GM/CS-003,52,GM4TOE/P,2005-07-09
GM/CS-003,887,GMOUDL/P,2004-06-13
GM/CS-003,385,MM0DOE/P,2004-06-13
GM/CS-003,130,GM7PKT,2004-05-15
GM/CS-003,82,GM4COX,2003-06-25
GM/CS-003,130,GM7PKT,2002-09-01
GM/CS-009,18213,MM0VPM/P,2023-04-26
GM/CS-009,47116,MM7NDC/P,2022-06-16
GM/CS-009,10943,GM7WKX/P,2022-06-16
GM/CS-009,46844,MM0EFI/P,2021-11-04
GM/CS-009,6790,GM0GAV/P,2018-06-10
GM/CS-009,3273,MM0YCJ/P,2017-09-30
GM/CS-009,1414,MM3WJZ/P,2016-06-18
GM/CS-009,1058,MM0FMF/P,2014-09-21
GM/CS-009,130,GM7PKT/P,2013-09-14
GM/CS-009,773,MM0DHY/P,2011-12-10
GM/CS-009,130,GM7PKT/P,2011-04-24
GM/CS-009,130,GM7PKT/P,2010-08-21
GM/CS-009,1414,MM3WJZ/P,2010-05-02
GM/CS-009,130,GM7PKT/P,2008-10-18
GM/CS-009,130,GM7PKT/P,2007-08-26
GM/CS-009,130,GM7PKT/P,2005-07-16
GM/CS-009,52,GM4TOE/P,2005-07-09
GM/CS-009,385,MM0DOE/P,2004-06-13
GM/CS-009,887,GMOUDL/P,2004-06-13
GM/CS-009,130,GM7PKT,2004-05-15
GM/CS-009,82,GM4COX,2003-06-25
GM/CS-011,18213,MM0VPM,2023-06-29
GM/CS-011,10943,GM7WKX/P,2022-06-14
GM/CS-011,47116,MM7NDC/P,2022-06-14
GM/CS-011,34846,GM5AIB/P,2022-05-19
GM/CS-011,46844,MM0EFI/P,2022-04-14
GM/CS-011,16826,MM0IVR/P,2021-06-26
GM/CS-011,34846,GM5AIB/P,2021-06-15
GM/CS-011,46844,MM0EFI/P,2021-05-30
GM/CS-011,1058,MS0TA/P,2020-09-27
GM/CS-011,6790,GM0GAV/P,2017-06-18
GM/CS-011,1058,MM0FMF/P,2015-05-24
GM/CS-011,1414,MM3WJZ/P,2014-08-09
GM/CS-011,3273,MM0YCJ/P,2013-10-05
GM/CS-011,5617,GM0BKC/P,2013-09-14
GM/CS-011,1414,MM3WJZ/P,2012-02-12
GM/CS-011,1058,MM0FMF/P,2010-09-12
GM/CS-011,52,GM4TOE/P,2005-07-23
GM/CS-011,130,GM7PKT,2004-09-25
GM/CS-011,52,GM4TOE/P,2004-04-24
GM/CS-014,18213,MM0VPM,2023-06-29
GM/CS-014,34846,GM5AIB/P,2022-05-19
GM/CS-014,46844,MM0EFI/P,2022-04-14
GM/CS-014,46844,MM0EFI/P,2021-05-02
GM/CS-014,6790,GM0GAV/P,2017-08-27
GM/CS-014,130,GM7PKT/P,2016-09-10
GM/CS-014,3273,MM0YCJ/P,2013-10-05
GM/CS-014,52,GM4TOE/P,2006-06-17
GM/CS-014,385,MM0DOE/P,2004-08-08
GM/CS-020,18213,MM0VPM,2023-06-29
GM/CS-020,34846,GM5AIB/P,2022-05-19
GM/CS-020,46844,MM0EFI/P,2022-04-14
GM/CS-020,46844,MM0EFI/P,2021-05-30
GM/CS-020,6790,GM0GAV/P,2021-04-18
GM/CS-020,6790,GM0GAV/P,2017-06-18
GM/CS-020,1414,MM3WJZ/P,2014-08-09
GM/CS-020,3273,MM0YCJ/P,2013-10-05
GM/CS-020,52,GM4TOE/P,2005-07-23
GM/CS-020,130,GM7PKT,2004-09-25
GM/CS-020,385,MM0DOE/P,2004-08-07
GM/CS-022,18213,MM0VPM,2024-04-20
GM/CS-022,47116,MM7NDC/P,2022-06-15
GM/CS-022,10943,GM7WKX/P,2022-06-15
GM/CS-022,46844,MM0EFI/P,2021-09-16
GM/CS-022,1389,GM3YTS/P,2019-05-05
GM/CS-022,6790,GM0GAV/P,2019-01-19
GM/CS-022,3273,MM0YCJ/P,2014-03-02
GM/CS-022,130,GM7PKT/P,2013-07-14
GM/CS-022,82,GM4COX,2013-06-21
GM/CS-022,130,GM7PKT/P,2012-09-02
GM/CS-022,130,GM7PKT/P,2011-09-10
GM/CS-022,1058,MM0FMF/P,2011-07-24
GM/CS-022,130,GM7PKT/P,2008-11-01
GM/CS-022,773,MM0DHY/P,2008-05-26
GM/CS-022,52,GM4TOE/P,2006-09-08
GM/CS-022,130,GM7PKT/P,2005-08-27
GM/CS-022,52,GM4TOE/P,2005-05-14
GM/CS-022,130,GM7PKT,2004-02-21
GM/CS-023,46844,MM0EFI/P,2022-07-13
GM/CS-023,6790,GM0GAV/P,2017-12-17
GM/CS-023,1414,MM3WJZ/P,2014-08-31
GM/CS-023,3273,MM0YCJ/P,2013-01-06
GM/CS-023,887,GMOUDL/P,2005-05-26
GM/CS-023,130,GM7PKT,2003-07-12
GM/CS-024,46844,MM0EFI/P,2022-07-12
GM/CS-024,46844,MM0EFI/P,2021-07-17
GM/CS-024,6790,GM0GAV/P,2019-08-03
GM/CS-024,3273,MM0YCJ/P,2018-06-07
GM/CS-024,52,GM4TOE/P,2009-05-02
GM/CS-027,46844,MM0EFI/P,2022-07-12
GM/CS-027,46844,MM0EFI/P,2021-07-17
GM/CS-027,6790,GM0GAV/P,2019-08-03
GM/CS-027,3273,MM0YCJ/P,2018-06-07
GM/CS-027,52,GM4TOE/P,2011-05-01
GM/CS-028,46844,MM0EFI/P,2021-09-16
GM/CS-028,116,MM1MAJ/P,2019-09-17
GM/CS-028,892,MM3ZCB/P,2019-09-17
GM/CS-028,1389,GM3YTS/P,2019-05-05
GM/CS-028,6790,GM0GAV/P,2019-01-19
GM/CS-028,1389,GM3YTS/P,2018-07-30
GM/CS-028,130,GM7PKT/P,2014-11-08
GM/CS-028,3273,MM0YCJ/P,2014-02-09
GM/CS-028,130,GM7PKT/P,2013-07-14
GM/CS-028,82,GM4COX,2013-06-21
GM/CS-028,130,GM7PKT/P,2012-09-02
GM/CS-028,130,GM7PKT/P,2011-09-10
GM/CS-028,1058,MM0FMF/P,2010-10-31
GM/CS-028,130,GM7PKT/P,2008-11-01
GM/CS-028,773,MM0DHY/P,2008-05-26
GM/CS-028,52,GM4TOE/P,2006-09-08
GM/CS-028,130,GM7PKT/P,2005-08-27
GM/CS-028,52,GM4TOE/P,2005-05-14
GM/CS-028,130,GM7PKT,2004-02-21
GM/CS-029,16826,MM0IVR/P,2024-09-07
GM/CS-029,18213,MM0VPM/P,2023-04-26
GM/CS-029,47116,MM7NDC/P,2022-06-16
GM/CS-029,10943,GM7WKX/P,2022-06-16
GM/CS-029,46844,MM0EFI/P,2021-11-04
GM/CS-029,10270,MM0CMV/P,2019-06-17
GM/CS-029,6790,GM0GAV/P,2018-06-10
GM/CS-029,3273,MM0YCJ/P,2017-08-26
GM/CS-029,5617,GM0BKC/P,2016-11-06
GM/CS-029,1414,MM3WJZ/P,2016-06-18
GM/CS-029,429,MM/OE5EEP/P,2014-08-08
GM/CS-029,130,GM7PKT/P,2013-09-14
GM/CS-029,773,MM0DHY/P,2011-12-10
GM/CS-029,130,GM7PKT/P,2011-04-24
GM/CS-029,130,GM7PKT/P,2010-08-21
GM/CS-029,1058,MM0FMF/P,2010-04-10
GM/CS-029,130,GM7PKT/P,2008-10-18
GM/CS-029,130,GM7PKT/P,2007-08-26
GM/CS-029,130,GM7PKT/P,2005-07-16
GM/CS-029,52,GM4TOE/P,2005-07-09
GM/CS-029,887,GMOUDL/P,2004-06-13
GM/CS-029,385,MM0DOE/P,2004-06-13
GM/CS-029,130,GM7PKT,2004-05-15
GM/CS-029,82,GM4COX,2003-06-25
GM/CS-029,82,GM4COX,2003-05-15
GM/CS-030,94131,GM5ALX/P,2024-10-04
GM/CS-030,48083,2M0RVZ,2024-09-25
GM/CS-030,46844,MM0EFI/P,2024-09-25
GM/CS-030,18213,GM5LOW,2023-06-22
GM/CS-030,34846,GM5AIB/P,2022-10-02
GM/CS-030,2771,MM0JLA/P,2022-06-21
GM/CS-030,3192,MM6BWA/P,2022-06-21
GM/CS-030,46844,MM0EFI/P,2022-01-30
GM/CS-030,34846,GM5AIB/P,2021-10-13
GM/CS-030,1058,MS0TA/P,2021-08-30
GM/CS-030,9756,MM6GYU/P,2021-08-19
GM/CS-030,46844,MM0EFI/P,2021-06-24
GM/CS-030,773,MM0DHY/P,2020-09-21
GM/CS-030,6790,GM0GAV/P,2020-08-23
GM/CS-030,1435,2M0IMP/P,2020-08-01
GM/CS-030,6790,GM0GAV/P,2018-04-29
GM/CS-030,5617,GM0BKC/P,2016-09-25
GM/CS-030,8299,GM8OEG/P,2016-08-27
GM/CS-030,8299,GM8OEG/P,2015-11-14
GM/CS-030,892,MM3ZCB/P,2015-09-18
GM/CS-030,116,MM1MAJ/P,2015-09-18
GM/CS-030,1414,MM3WJZ/P,2014-05-18
GM/CS-030,3273,MM0YCJ/P,2013-02-09
GM/CS-030,1058,MM0FMF/P,2012-11-18
GM/CS-030,130,GM7PKT/P,2012-08-22
GM/CS-030,2114,MQ1AWV/P,2012-06-02
GM/CS-030,1435,2M0IMP/P,2010-10-16
GM/CS-030,1059,GM4ZRP/P,2010-10-13
GM/CS-030,1058,MM0FMF/P,2010-10-13
GM/CS-030,1234,GM6WRW/P,2010-07-30
GM/CS-030,1563,MM0YHB/P,2010-07-13
GM/CS-030,2114,GG100GGR,2010-06-19
GM/CS-030,52,GM4TOE/P,2010-05-15
GM/CS-030,52,GM4TOE/P,2009-06-20
GM/CS-030,52,GM4TOE/P,2006-04-29
GM/CS-030,452,GM0FIM/P,2005-05-03
GM/CS-030,52,GM4TOE/P,2004-06-05
GM/CS-030,52,GM4TOE,2003-08-23
GM/CS-030,130,GM7PKT,2003-08-09
GM/CS-031,16826,MM0IVR/P,2023-09-30
GM/CS-031,46844,MM0EFI/P,2022-07-13
GM/CS-031,6790,GM0GAV/P,2018-05-13
GM/CS-031,3273,MM0YCJ,2013-07-27
GM/CS-031,1414,MM3WJZ/P,2010-05-03
GM/CS-031,130,GM7PKT,2004-04-12
GM/CS-035,46844,MM0EFI/P,2021-08-01
GM/CS-035,116,MM1MAJ/P,2019-09-19
GM/CS-035,892,MM3ZCB/P,2019-09-19
GM/CS-035,6790,GM0GAV/P,2019-03-28
GM/CS-035,130,GM7PKT/P,2014-05-03
GM/CS-035,130,GM7PKT/P,2013-11-10
GM/CS-035,3273,MM0YCJ/P,2012-09-16
GM/CS-035,130,GM7PKT/P,2011-11-05
GM/CS-035,1058,MM0FMF/P,2011-10-16
GM/CS-035,62,MM1EYO/P,2011-04-19
GM/CS-035,773,MM0DHY/P,2008-09-20
GM/CS-035,130,GM7PKT/P,2007-03-02
GM/CS-035,52,GM4TOE/P,2005-10-22
GM/CS-036,1058,MM0FMF/P,2024-07-21
GM/CS-036,18213,MM0VPM,2023-06-29
GM/CS-036,46844,MM0EFI/P,2022-04-14
GM/CS-036,46844,MM0EFI/P,2021-05-02
GM/CS-036,3273,MM0YCJ/P,2020-07-21
GM/CS-036,6790,GM0GAV/P,2017-10-09
GM/CS-036,130,GM7PKT/P,2016-09-10
GM/CS-036,52,GM4TOE/P,2005-12-21
GM/CS-036,385,MM0DOE/P,2004-08-08
GM/CS-036,52,GM4TOE,2003-11-22
GM/CS-037,466,MM0CBC/P,2024-11-06
GM/CS-037,6790,GM0GAV/P,2021-09-26
GM/CS-037,773,MM0DHY/P,2016-04-02
GM/CS-037,130,GM7PKT/P,2015-05-23
GM/CS-037,3273,MM0YCJ,2013-07-06
GM/CS-037,175,GM4ZFZ/P,2005-12-24
GM/CS-037,72,MM1BJP,2005-06-11
GM/CS-037,52,GM4TOE/P,2004-07-10
GM/CS-038,94131,GM5ALX/P,2024-09-25
GM/CS-038,46844,MM0EFI/P,2022-04-14
GM/CS-038,46844,MM0EFI/P,2021-07-13
GM/CS-038,1389,GM3YTS/P,2020-09-27
GM/CS-038,6790,GM0GAV/P,2020-09-27
GM/CS-038,3273,MM0YCJ/P,2020-07-21
GM/CS-038,6790,GM0GAV/P,2019-12-31
GM/CS-038,6790,GM0GAV/P,2017-08-06
GM/CS-038,1058,MM0FMF/P,2011-06-05
GM/CS-038,52,GM4TOE/P,2006-06-17
GM/CS-038,52,GM4TOE/P,2004-06-05
GM/CS-038,130,GM7PKT,2003-08-09
GM/CS-039,1058,MS0TA/P,2022-03-27
GM/CS-039,46844,MM0EFI/P,2021-09-08
GM/CS-039,10943,GM7WKX/P,2020-10-07
GM/CS-039,116,MM1MAJ/P,2019-09-15
GM/CS-039,892,MM3ZCB/P,2019-09-15
GM/CS-039,6790,GM0GAV/P,2019-04-19
GM/CS-039,1414,MM3WJZ/P,2013-09-22
GM/CS-039,130,GM7PKT/P,2013-08-10
GM/CS-039,3273,MM0YCJ/P,2013-04-27
GM/CS-039,130,GM7PKT/P,2012-08-18
GM/CS-039,130,GM7PKT/P,2011-08-20
GM/CS-039,1058,MM0FMF/P,2011-05-02
GM/CS-039,773,MM0DHY/P,2011-04-02
GM/CS-039,130,GM7PKT/P,2009-08-22
GM/CS-039,130,GM7PKT/P,2008-11-16
GM/CS-039,130,GM7PKT/P,2007-08-10
GM/CS-039,52,GM4TOE/P,2006-09-30
GM/CS-039,52,GM4TOE/P,2005-11-19
GM/CS-039,130,GM7PKT/P,2005-09-24
GM/CS-039,130,GM7PKT,2004-11-20
GM/CS-045,46844,MM0EFI/P,2022-07-12
GM/CS-045,6790,GM0GAV/P,2021-10-10
GM/CS-045,3273,MM6YCJ/P,2011-09-10
GM/CS-046,46844,MM0EFI/P,2023-05-06
GM/CS-046,49271,GR4BML/P,2023-05-06
GM/CS-046,3273,MM0YCJ/P,2021-09-29
GM/CS-046,130,GM7PKT/P,2015-06-27
GM/CS-046,52,GM4TOE/P,2005-08-27
GM/CS-051,46844,MM0EFI/P,2022-07-13
GM/CS-051,6790,GM0GAV/P,2019-05-12
GM/CS-051,3273,MM0YCJ,2013-07-27
GM/CS-051,130,GM7PKT,2004-04-12
GM/CS-057,130,GM7PKT/P,2015-09-26
GM/CS-057,3273,MM0YCJ/P,2013-10-19
GM/CS-057,52,GM4TOE/P,2007-08-11
GM/CS-060,466,MM0CBC/P,2024-11-18
GM/CS-060,46844,MM0EFI/P,2024-02-23
GM/CS-060,44920,GM4JXP/P,2022-05-02
GM/CS-060,46844,MM0EFI/P,2022-02-25
GM/CS-060,46844,MM0EFI/P,2021-08-17
GM/CS-060,1058,MS0TA/P,2019-05-12
GM/CS-060,6790,GM0GAV/P,2019-02-17
GM/CS-060,6790,GM0GAV/P,2016-07-16
GM/CS-060,773,MM0DHY/P,2015-04-12
GM/CS-060,82,GM4COX,2014-03-13
GM/CS-060,1003,MM0ROV/P,2013-12-02
GM/CS-060,3273,MM0YCJ/P,2013-02-08
GM/CS-060,70,GM0AXY/P,2011-07-25
GM/CS-060,71,GM4YMM/P,2011-07-25
GM/CS-060,1414,MM3WJZ/P,2010-07-26
GM/CS-060,52,GM4TOE/P,2005-12-10
GM/CS-061,46844,MM0EFI/P,2024-05-08
GM/CS-061,3273,MM0YCJ/P,2017-03-05
GM/CS-061,773,MM0DHY/P,2015-09-13
GM/CS-061,130,GM7PKT/P,2015-06-27
GM/CS-061,52,GM4TOE/P,2006-04-21
GM/CS-061,52,GM4TOE/P,2005-08-27
GM/CS-069,130,GM7PKT/P,2015-09-26
GM/CS-069,3273,MM0YCJ/P,2012-04-21
GM/CS-069,52,GM4TOE/P,2006-09-30
GM/CS-077,94131,GM5ALX/P,2024-12-05
GM/CS-077,854,GM4OIG/P,2023-12-15
GM/CS-077,34846,GM5AIB/P,2022-10-02
GM/CS-077,2771,MM0JLA/P,2022-06-24
GM/CS-077,3192,MM6BWA/P,2022-06-24
GM/CS-077,46844,MM0EFI/P,2022-05-15
GM/CS-077,44920,GM4JXP/P,2022-05-15
GM/CS-077,46844,MM0EFI/P,2021-11-09
GM/CS-077,34846,GM5AIB/P,2021-10-13
GM/CS-077,773,MM0DHY/P,2020-09-22
GM/CS-077,6790,GM0GAV/P,2019-04-20
GM/CS-077,1389,GM3YTS/P,2018-09-28
GM/CS-077,6790,GM0GAV/P,2017-11-12
GM/CS-077,5617,GM0BKC/P,2016-09-17
GM/CS-077,130,GM7PKT/P,2016-06-30
GM/CS-077,8299,GM8OEG/P,2016-05-14
GM/CS-077,3273,MM0YCJ/P,2015-02-28
GM/CS-077,82,GM4COX,2014-03-12
GM/CS-077,1058,MM0FMF/P,2011-03-06
GM/CS-077,52,GM4TOE/P,2009-06-20
GM/CS-077,52,GM4TOE/P,2006-04-29
GM/CS-078,94617,GM5OLD/P,2024-06-05
GM/CS-078,116,MM1MAJ/P,2019-09-17
GM/CS-078,892,MM3ZCB/P,2019-09-17
GM/CS-078,1389,GM3YTS/P,2019-02-24
GM/CS-078,6790,GM0GAV/P,2019-02-24
GM/CS-078,2330,MM0TAI,2018-12-20
GM/CS-078,1389,GM3YTS/P,2018-12-09
GM/CS-078,3273,MM0YCJ/P,2013-10-13
GM/CS-078,82,GM4COX,2013-06-21
GM/CS-078,1058,MM0FMF/P,2010-10-31
GM/CS-078,130,GM7PKT/P,2009-02-22
GM/CS-078,773,MM0DHY/P,2008-05-26
GM/CS-078,130,GM7PKT/P,2008-02-16
GM/CS-078,52,GM4TOE/P,2006-09-08
GM/CS-078,130,GM7PKT/P,2005-08-27
GM/CS-078,52,GM4TOE/P,2005-05-14
GM/CS-078,130,GM7PKT,2004-02-21
GM/CS-084,46844,MM0EFI/P,2023-05-06
GM/CS-084,49271,GR4BML/P,2023-05-06
GM/CS-084,130,GM7PKT/P,2016-08-20
GM/CS-084,773,MM0DHY/P,2016-05-08
GM/CS-084,3273,MM0YCJ/P,2014-09-14
GM/CS-084,52,GM4TOE/P,2006-04-21
GM/CS-086,12673,MM0NJH/P,2024-04-14
GM/CS-086,22499,MM5NEX,2019-06-27
GM/CS-086,147,GM1INK/P,2014-09-05
GM/CS-086,3273,MM6YCJ/P,2011-05-28
GM/CS-086,773,MM0DHY/P,2008-06-08
GM/CS-086,52,GM4TOE/P,2007-07-28
GM/CS-086,130,GM7PKT/P,2007-03-03
GM/CS-086,175,GM4ZFZ/P,2005-04-30
GM/CS-088,466,MM0CBC/P,2024-11-06
GM/CS-088,130,GM7PKT/P,2015-05-23
GM/CS-088,3273,MM0YCJ,2013-07-06
GM/CS-088,773,MM0DHY/P,2008-01-14
GM/CS-088,52,GM4TOE/P,2006-02-04
GM/CS-088,175,GM4ZFZ/P,2005-12-24
GM/CS-091,46844,MM0EFI/P,2024-01-02
GM/CS-091,2330,MM0TAI,2019-01-29
GM/CS-091,52,GM4TOE/P,2015-08-02
GM/CS-091,3273,MM0YCJ/P,2014-03-08
GM/CS-091,887,GM0UDL/P,2011-01-28
GM/CS-091,773,MM0DHY/P,2007-07-29
GM/CS-091,52,GM4TOE/P,2007-02-03
GM/CS-091,130,GM7PKT/P,2005-05-29
GM/CS-092,1058,MS0TA/P,2020-10-02
GM/CS-092,3273,MM0YCJ/P,2017-01-22
GM/CS-092,773,MM0DHY/P,2008-09-20
GM/CS-092,52,GM4TOE/P,2008-03-29
GM/CS-092,130,GM7PKT/P,2007-03-02
GM/CS-095,773,MM0DHY/P,2013-01-06
GM/CS-095,3273,MM6YCJ/P,2012-02-04
GM/CS-095,52,GM4TOE/P,2008-04-05
GM/CS-095,130,GM7PKT/P,2007-03-06
GM/CS-095,175,GM4ZFZ/P,2004-07-03
GM/CS-105,46844,MM0EFI/P,2023-05-16
GM/CS-105,3273,MM0YCJ/P,2017-02-06
GM/CS-105,130,GM7PKT/P,2015-12-29
GM/CS-105,773,MM0DHY/P,2007-05-27
GM/CS-105,52,GM4TOE/P,2006-12-30
GM/CS-111,73456,MM7MOX/P,2024-09-07
GM/CS-111,46844,MM0EFI/P,2024-01-03
GM/CS-111,73456,MM7MOX/P ,2023-09-30
GM/CS-111,116,MM1MAJ/P,2019-09-16
GM/CS-111,892,MM3ZCB/P,2019-09-16
GM/CS-111,130,GM7PKT/P,2015-06-12
GM/CS-111,3273,MM0YCJ/P,2014-10-19
GM/CS-111,4490,MM/OE3CHC/P,2012-09-07
GM/CS-111,773,MM0DHY/P,2008-05-02
GM/CS-111,52,GM4TOE/P,2008-04-19
GM/CS-111,175,GM4ZFZ/P,2005-08-19
GM/CS-112,46844,MM0EFI/P,2024-01-01
GM/CS-112,2771,MM0JLA/P,2023-05-27
GM/CS-112,3192,MM6BWA/P,2023-05-27
GM/CS-112,130,GM7PKT/P,2015-05-03
GM/CS-112,52,GM4TOE/P,2007-11-29
GM/CS-112,773,MM0DHY/P,2007-04-29
GM/WS-271,2330,MM0TAI,2019-03-01
GM/WS-271,3273,MM0YCJ/P,2014-03-29
GM/WS-271,1414,MM3WJZ/P,2011-06-29
GM/WS-271,52,GM4TOE/P,2008-02-12
GM/WS-271,773,MM0DHY/P,2008-02-03
GM/WS-271,130,GM7PKT/P,2007-03-06
GM/WS-271,175,GM4ZFZ/P,2004-01-24
GM/WS-277,1058,MS0TA/P,2019-08-25
GM/WS-277,3273,MM6YCJ/P,2012-02-04
GM/WS-277,773,MM0DHY/P,2010-12-19
GM/WS-277,52,GM4TOE/P,2008-02-12
GM/WS-277,130,GM7PKT/P,2007-03-07
GM/WS-277,175,GM4ZFZ/P,2004-08-30
